{
  "usingComponents": {
    "van-tab": "@vant/weapp/tab/index",
    "van-tabs": "@vant/weapp/tabs/index",
    "van-search": "@vant/weapp/search/index",
    "van-dropdown-menu": "@vant/weapp/dropdown-menu/index",
    "van-dropdown-item": "@vant/weapp/dropdown-item/index",
    "van-collapse": "@vant/weapp/collapse/index",
    "van-collapse-item": "@vant/weapp/collapse-item/index",
    "van-card": "@vant/weapp/card/index",
    "van-tag": "@vant/weapp/tag/index",
    "van-button": "@vant/weapp/button/index"
  },
  "navigationBarTitleText": "交易区"
}